Grouping ID,Module,Owner,Timestamp,Instance Name,Type,Param name,Priority Rank,Value,Default?,BOMGroupName,Location,Package,Stepping
1,PTH_DIODE_XXX,davidgba,05/14/21_12:36:20_PM,TD_X_APPLYTC_K_INIT_X_X_X_X_TDSETUP,Template Parameter,TestConditionName,1,TDAU_CAL_SDT_TC,No,MTL_CPU68_SDT,*,*,*
1,PTH_DIODE_XXX,davidgba,05/14/21_12:36:20_PM,TD_X_APPLYTC_K_INIT_X_X_X_X_TDSETUP,Template Parameter,TestConditionName,2,TDAU_CAL_SDT_TC,No,MTL_CPU28_SDT,*,*,*
1,PTH_DIODE_XXX,davidgba,05/14/21_12:36:20_PM,TD_X_APPLYTC_K_INIT_X_X_X_X_TDSETUP,Template Parameter,TestConditionName,3,TDAU_CAL_SDT_TC,No,MTL_GCD128_SDT,*,*,*
1,PTH_DIODE_XXX,davidgba,05/14/21_12:36:20_PM,TD_X_APPLYTC_K_INIT_X_X_X_X_TDSETUP,Template Parameter,TestConditionName,4,TDAU_CAL_SDT_TC,No,MTL_GCD64_SDT,*,*,*
1,PTH_DIODE_XXX,davidgba,05/14/21_12:36:20_PM,TD_X_APPLYTC_K_INIT_X_X_X_X_TDSETUP,Template Parameter,TestConditionName,5,TDAU_CAL_SDS_TC,No,MTL_CPU68_SDS,*,*,*
1,PTH_DIODE_XXX,davidgba,05/14/21_12:36:20_PM,TD_X_APPLYTC_K_INIT_X_X_X_X_TDSETUP,Template Parameter,TestConditionName,6,TDAU_CAL_SDS_TC,No,MTL_CPU28_SDS,*,*,*
1,PTH_DIODE_XXX,davidgba,05/14/21_12:36:20_PM,TD_X_APPLYTC_K_INIT_X_X_X_X_TDSETUP,Template Parameter,TestConditionName,7,TDAU_CAL_SDS_TC,No,MTL_GCD128_SDS,*,*,*
1,PTH_DIODE_XXX,davidgba,05/14/21_12:36:20_PM,TD_X_APPLYTC_K_INIT_X_X_X_X_TDSETUP,Template Parameter,TestConditionName,8,TDAU_CAL_SDS_TC,No,MTL_GCD64_SDS,*,*,*
1,PTH_DIODE_XXX,davidgba,05/14/21_12:36:20_PM,TD_X_APPLYTC_K_INIT_X_X_X_X_TDSETUP,Template Parameter,TestConditionName,9,TDAU_CAL_SDS_TC,Yes,*,*,*,*
2,PTH_DIODE_XXX,davidgba,05/14/21_12:36:20_PM,TD_X_APPLYTC_K_TESTPLANSTARTFLOW_X_X_X_X_SCOCAL,Template Parameter,TestConditionName,1,TDAU_SCOC_SDT_TC,No,MTL_CPU68_SDT,*,*,*
2,PTH_DIODE_XXX,davidgba,05/14/21_12:36:20_PM,TD_X_APPLYTC_K_TESTPLANSTARTFLOW_X_X_X_X_SCOCAL,Template Parameter,TestConditionName,2,TDAU_SCOC_SDT_TC,No,MTL_CPU28_SDT,*,*,*
2,PTH_DIODE_XXX,davidgba,05/14/21_12:36:20_PM,TD_X_APPLYTC_K_TESTPLANSTARTFLOW_X_X_X_X_SCOCAL,Template Parameter,TestConditionName,3,TDAU_SCOC_SDT_TC,No,MTL_GCD128_SDT,*,*,*
2,PTH_DIODE_XXX,davidgba,05/14/21_12:36:20_PM,TD_X_APPLYTC_K_TESTPLANSTARTFLOW_X_X_X_X_SCOCAL,Template Parameter,TestConditionName,4,TDAU_SCOC_SDT_TC,No,MTL_GCD64_SDT,*,*,*
2,PTH_DIODE_XXX,davidgba,05/14/21_12:36:20_PM,TD_X_APPLYTC_K_TESTPLANSTARTFLOW_X_X_X_X_SCOCAL,Template Parameter,TestConditionName,5,TDAU_SCOC_SDS_TC,No,MTL_CPU68_SDS,*,*,*
2,PTH_DIODE_XXX,davidgba,05/14/21_12:36:20_PM,TD_X_APPLYTC_K_TESTPLANSTARTFLOW_X_X_X_X_SCOCAL,Template Parameter,TestConditionName,6,TDAU_SCOC_SDS_TC,No,MTL_CPU28_SDS,*,*,*
2,PTH_DIODE_XXX,davidgba,05/14/21_12:36:20_PM,TD_X_APPLYTC_K_TESTPLANSTARTFLOW_X_X_X_X_SCOCAL,Template Parameter,TestConditionName,7,TDAU_SCOC_SDS_TC,No,MTL_GCD128_SDS,*,*,*
2,PTH_DIODE_XXX,davidgba,05/14/21_12:36:20_PM,TD_X_APPLYTC_K_TESTPLANSTARTFLOW_X_X_X_X_SCOCAL,Template Parameter,TestConditionName,8,TDAU_SCOC_SDS_TC,No,MTL_GCD64_SDS,*,*,*
2,PTH_DIODE_XXX,davidgba,05/14/21_12:36:20_PM,TD_X_APPLYTC_K_TESTPLANSTARTFLOW_X_X_X_X_SCOCAL,Template Parameter,TestConditionName,9,TDAU_SCOC_SDS_TC,Yes,*,*,*,*
3,PTH_DIODE_XXX,davidgba,05/14/21_12:36:20_PM,TD_X_CS_E_BEGIN_X_X_X_X_TEST,Bypass,bypass_global,1,1,Yes,,,,
4,PTH_DIODE_XXX,davidgba,05/14/21_12:36:20_PM,TD_X_TDAU_E_FINAL_X_X_X_X,Template Parameter,PinNames,1,TDIODE_CORE,No,MTL_CPU68_SDT,*,*,*
4,PTH_DIODE_XXX,davidgba,05/14/21_12:36:20_PM,TD_X_TDAU_E_FINAL_X_X_X_X,Template Parameter,PinNames,2,TDIODE_CORE,No,MTL_CPU28_SDT,*,*,*
4,PTH_DIODE_XXX,davidgba,05/14/21_12:36:20_PM,TD_X_TDAU_E_FINAL_X_X_X_X,Template Parameter,PinNames,3,TDIODE_CORE,No,MTL_CPU68_SDS,*,*,*
4,PTH_DIODE_XXX,davidgba,05/14/21_12:36:20_PM,TD_X_TDAU_E_FINAL_X_X_X_X,Template Parameter,PinNames,4,TDIODE_CORE,No,MTL_CPU28_SDS,*,*,*
4,PTH_DIODE_XXX,davidgba,05/14/21_12:36:20_PM,TD_X_TDAU_E_FINAL_X_X_X_X,Template Parameter,PinNames,5,TDIODE_GT,No,MTL_GCD128_SDT,*,*,*
4,PTH_DIODE_XXX,davidgba,05/14/21_12:36:20_PM,TD_X_TDAU_E_FINAL_X_X_X_X,Template Parameter,PinNames,6,TDIODE_GT,No,MTL_GCD64_SDT,*,*,*
4,PTH_DIODE_XXX,davidgba,05/14/21_12:36:20_PM,TD_X_TDAU_E_FINAL_X_X_X_X,Template Parameter,PinNames,7,TDIODE_GT,No,MTL_GCD128_SDS,*,*,*
4,PTH_DIODE_XXX,davidgba,05/14/21_12:36:20_PM,TD_X_TDAU_E_FINAL_X_X_X_X,Template Parameter,PinNames,8,TDIODE_GT,No,MTL_GCD64_SDS,*,*,*
4,PTH_DIODE_XXX,davidgba,05/14/21_12:36:20_PM,TD_X_TDAU_E_FINAL_X_X_X_X,Template Parameter,PinNames,9,TDIODE_CORE,Yes,*,*,*,*
5,PTH_DIODE_XXX,davidgba,05/14/21_12:36:20_PM,TD_X_TDAU_E_SDTFINAL_X_X_X_X,Template Parameter,PinNames,1,TDIODE_CORE,No,MTL_CPU68_SDT,*,*,*
5,PTH_DIODE_XXX,davidgba,05/14/21_12:36:20_PM,TD_X_TDAU_E_SDTFINAL_X_X_X_X,Template Parameter,PinNames,2,TDIODE_CORE,No,MTL_CPU28_SDT,*,*,*
5,PTH_DIODE_XXX,davidgba,05/14/21_12:36:20_PM,TD_X_TDAU_E_SDTFINAL_X_X_X_X,Template Parameter,PinNames,3,TDIODE_CORE,No,MTL_CPU68_SDS,*,*,*
5,PTH_DIODE_XXX,davidgba,05/14/21_12:36:20_PM,TD_X_TDAU_E_SDTFINAL_X_X_X_X,Template Parameter,PinNames,4,TDIODE_CORE,No,MTL_CPU28_SDS,*,*,*
5,PTH_DIODE_XXX,davidgba,05/14/21_12:36:20_PM,TD_X_TDAU_E_SDTFINAL_X_X_X_X,Template Parameter,PinNames,5,TDIODE_GT,No,MTL_GCD128_SDT,*,*,*
5,PTH_DIODE_XXX,davidgba,05/14/21_12:36:20_PM,TD_X_TDAU_E_SDTFINAL_X_X_X_X,Template Parameter,PinNames,6,TDIODE_GT,No,MTL_GCD64_SDT,*,*,*
5,PTH_DIODE_XXX,davidgba,05/14/21_12:36:20_PM,TD_X_TDAU_E_SDTFINAL_X_X_X_X,Template Parameter,PinNames,7,TDIODE_GT,No,MTL_GCD128_SDS,*,*,*
5,PTH_DIODE_XXX,davidgba,05/14/21_12:36:20_PM,TD_X_TDAU_E_SDTFINAL_X_X_X_X,Template Parameter,PinNames,8,TDIODE_GT,No,MTL_GCD64_SDS,*,*,*
5,PTH_DIODE_XXX,davidgba,05/14/21_12:36:20_PM,TD_X_TDAU_E_SDTFINAL_X_X_X_X,Template Parameter,PinNames,9,TDIODE_CORE,Yes,*,*,*,*
6,PTH_DIODE_XXX,davidgba,05/14/21_12:36:20_PM,TD_X_TDAU_E_TESTPLANENDFLOW_X_X_X_X,Template Parameter,PinNames,1,TDIODE_CORE,No,MTL_CPU68_SDT,*,*,*
6,PTH_DIODE_XXX,davidgba,05/14/21_12:36:20_PM,TD_X_TDAU_E_TESTPLANENDFLOW_X_X_X_X,Template Parameter,PinNames,2,TDIODE_CORE,No,MTL_CPU28_SDT,*,*,*
6,PTH_DIODE_XXX,davidgba,05/14/21_12:36:20_PM,TD_X_TDAU_E_TESTPLANENDFLOW_X_X_X_X,Template Parameter,PinNames,3,TDIODE_CORE,No,MTL_CPU68_SDS,*,*,*
6,PTH_DIODE_XXX,davidgba,05/14/21_12:36:20_PM,TD_X_TDAU_E_TESTPLANENDFLOW_X_X_X_X,Template Parameter,PinNames,4,TDIODE_CORE,No,MTL_CPU28_SDS,*,*,*
6,PTH_DIODE_XXX,davidgba,05/14/21_12:36:20_PM,TD_X_TDAU_E_TESTPLANENDFLOW_X_X_X_X,Template Parameter,PinNames,5,TDIODE_GT,No,MTL_GCD128_SDT,*,*,*
6,PTH_DIODE_XXX,davidgba,05/14/21_12:36:20_PM,TD_X_TDAU_E_TESTPLANENDFLOW_X_X_X_X,Template Parameter,PinNames,6,TDIODE_GT,No,MTL_GCD64_SDT,*,*,*
6,PTH_DIODE_XXX,davidgba,05/14/21_12:36:20_PM,TD_X_TDAU_E_TESTPLANENDFLOW_X_X_X_X,Template Parameter,PinNames,7,TDIODE_GT,No,MTL_GCD128_SDS,*,*,*
6,PTH_DIODE_XXX,davidgba,05/14/21_12:36:20_PM,TD_X_TDAU_E_TESTPLANENDFLOW_X_X_X_X,Template Parameter,PinNames,8,TDIODE_GT,No,MTL_GCD64_SDS,*,*,*
6,PTH_DIODE_XXX,davidgba,05/14/21_12:36:20_PM,TD_X_TDAU_E_TESTPLANENDFLOW_X_X_X_X,Template Parameter,PinNames,9,TDIODE_CORE,Yes,*,*,*,*
7,PTH_DIODE_XXX,davidgba,05/14/21_12:36:20_PM,TD_X_TDAU_E_TESTPLANENDFLOW_X_X_X_X_EOT,Template Parameter,PinNames,1,TDIODE_CORE,No,MTL_CPU68_SDT,*,*,*
7,PTH_DIODE_XXX,davidgba,05/14/21_12:36:20_PM,TD_X_TDAU_E_TESTPLANENDFLOW_X_X_X_X_EOT,Template Parameter,PinNames,2,TDIODE_CORE,No,MTL_CPU28_SDT,*,*,*
7,PTH_DIODE_XXX,davidgba,05/14/21_12:36:20_PM,TD_X_TDAU_E_TESTPLANENDFLOW_X_X_X_X_EOT,Template Parameter,PinNames,3,TDIODE_CORE,No,MTL_CPU68_SDS,*,*,*
7,PTH_DIODE_XXX,davidgba,05/14/21_12:36:20_PM,TD_X_TDAU_E_TESTPLANENDFLOW_X_X_X_X_EOT,Template Parameter,PinNames,4,TDIODE_CORE,No,MTL_CPU28_SDS,*,*,*
7,PTH_DIODE_XXX,davidgba,05/14/21_12:36:20_PM,TD_X_TDAU_E_TESTPLANENDFLOW_X_X_X_X_EOT,Template Parameter,PinNames,5,TDIODE_GT,No,MTL_GCD128_SDT,*,*,*
7,PTH_DIODE_XXX,davidgba,05/14/21_12:36:20_PM,TD_X_TDAU_E_TESTPLANENDFLOW_X_X_X_X_EOT,Template Parameter,PinNames,6,TDIODE_GT,No,MTL_GCD64_SDT,*,*,*
7,PTH_DIODE_XXX,davidgba,05/14/21_12:36:20_PM,TD_X_TDAU_E_TESTPLANENDFLOW_X_X_X_X_EOT,Template Parameter,PinNames,7,TDIODE_GT,No,MTL_GCD128_SDS,*,*,*
7,PTH_DIODE_XXX,davidgba,05/14/21_12:36:20_PM,TD_X_TDAU_E_TESTPLANENDFLOW_X_X_X_X_EOT,Template Parameter,PinNames,8,TDIODE_GT,No,MTL_GCD64_SDS,*,*,*
7,PTH_DIODE_XXX,davidgba,05/14/21_12:36:20_PM,TD_X_TDAU_E_TESTPLANENDFLOW_X_X_X_X_EOT,Template Parameter,PinNames,9,TDIODE_CORE,Yes,*,*,*,*
8,PTH_DIODE_XXX,davidgba,05/14/21_12:36:20_PM,TD_X_TDAU_K_FINAL_X_X_X_X_EOT,Template Parameter,PinNames,1,TDIODE_CORE,No,MTL_CPU68_SDT,*,*,*
8,PTH_DIODE_XXX,davidgba,05/14/21_12:36:20_PM,TD_X_TDAU_K_FINAL_X_X_X_X_EOT,Template Parameter,PinNames,2,TDIODE_CORE,No,MTL_CPU28_SDT,*,*,*
8,PTH_DIODE_XXX,davidgba,05/14/21_12:36:20_PM,TD_X_TDAU_K_FINAL_X_X_X_X_EOT,Template Parameter,PinNames,3,TDIODE_CORE,No,MTL_CPU68_SDS,*,*,*
8,PTH_DIODE_XXX,davidgba,05/14/21_12:36:20_PM,TD_X_TDAU_K_FINAL_X_X_X_X_EOT,Template Parameter,PinNames,4,TDIODE_CORE,No,MTL_CPU28_SDS,*,*,*
8,PTH_DIODE_XXX,davidgba,05/14/21_12:36:20_PM,TD_X_TDAU_K_FINAL_X_X_X_X_EOT,Template Parameter,PinNames,5,TDIODE_GT,No,MTL_GCD128_SDT,*,*,*
8,PTH_DIODE_XXX,davidgba,05/14/21_12:36:20_PM,TD_X_TDAU_K_FINAL_X_X_X_X_EOT,Template Parameter,PinNames,6,TDIODE_GT,No,MTL_GCD64_SDT,*,*,*
8,PTH_DIODE_XXX,davidgba,05/14/21_12:36:20_PM,TD_X_TDAU_K_FINAL_X_X_X_X_EOT,Template Parameter,PinNames,7,TDIODE_GT,No,MTL_GCD128_SDS,*,*,*
8,PTH_DIODE_XXX,davidgba,05/14/21_12:36:20_PM,TD_X_TDAU_K_FINAL_X_X_X_X_EOT,Template Parameter,PinNames,8,TDIODE_GT,No,MTL_GCD64_SDS,*,*,*
8,PTH_DIODE_XXX,davidgba,05/14/21_12:36:20_PM,TD_X_TDAU_K_FINAL_X_X_X_X_EOT,Template Parameter,PinNames,9,TDIODE_CORE,Yes,*,*,*,*
9,PTH_DIODE_XXX,davidgba,05/14/21_12:36:20_PM,TD_X_TDAU_K_SDTFINAL_X_X_X_X_EOT,Template Parameter,PinNames,1,TDIODE_CORE,No,MTL_CPU68_SDT,*,*,*
9,PTH_DIODE_XXX,davidgba,05/14/21_12:36:20_PM,TD_X_TDAU_K_SDTFINAL_X_X_X_X_EOT,Template Parameter,PinNames,2,TDIODE_CORE,No,MTL_CPU28_SDT,*,*,*
9,PTH_DIODE_XXX,davidgba,05/14/21_12:36:20_PM,TD_X_TDAU_K_SDTFINAL_X_X_X_X_EOT,Template Parameter,PinNames,3,TDIODE_CORE,No,MTL_CPU68_SDS,*,*,*
9,PTH_DIODE_XXX,davidgba,05/14/21_12:36:20_PM,TD_X_TDAU_K_SDTFINAL_X_X_X_X_EOT,Template Parameter,PinNames,4,TDIODE_CORE,No,MTL_CPU28_SDS,*,*,*
9,PTH_DIODE_XXX,davidgba,05/14/21_12:36:20_PM,TD_X_TDAU_K_SDTFINAL_X_X_X_X_EOT,Template Parameter,PinNames,5,TDIODE_GT,No,MTL_GCD128_SDT,*,*,*
9,PTH_DIODE_XXX,davidgba,05/14/21_12:36:20_PM,TD_X_TDAU_K_SDTFINAL_X_X_X_X_EOT,Template Parameter,PinNames,6,TDIODE_GT,No,MTL_GCD64_SDT,*,*,*
9,PTH_DIODE_XXX,davidgba,05/14/21_12:36:20_PM,TD_X_TDAU_K_SDTFINAL_X_X_X_X_EOT,Template Parameter,PinNames,7,TDIODE_GT,No,MTL_GCD128_SDS,*,*,*
9,PTH_DIODE_XXX,davidgba,05/14/21_12:36:20_PM,TD_X_TDAU_K_SDTFINAL_X_X_X_X_EOT,Template Parameter,PinNames,8,TDIODE_GT,No,MTL_GCD64_SDS,*,*,*
9,PTH_DIODE_XXX,davidgba,05/14/21_12:36:20_PM,TD_X_TDAU_K_SDTFINAL_X_X_X_X_EOT,Template Parameter,PinNames,9,TDIODE_CORE,Yes,*,*,*,*
10,PTH_DIODE_XXX,davidgba,05/14/21_12:36:20_PM,TD_X_TDAU_K_SDTSTART_X_X_X_X_SOT,Template Parameter,PinNames,1,TDIODE_CORE,No,MTL_CPU68_SDT,*,*,*
10,PTH_DIODE_XXX,davidgba,05/14/21_12:36:20_PM,TD_X_TDAU_K_SDTSTART_X_X_X_X_SOT,Template Parameter,PinNames,2,TDIODE_CORE,No,MTL_CPU28_SDT,*,*,*
10,PTH_DIODE_XXX,davidgba,05/14/21_12:36:20_PM,TD_X_TDAU_K_SDTSTART_X_X_X_X_SOT,Template Parameter,PinNames,3,TDIODE_CORE,No,MTL_CPU68_SDS,*,*,*
10,PTH_DIODE_XXX,davidgba,05/14/21_12:36:20_PM,TD_X_TDAU_K_SDTSTART_X_X_X_X_SOT,Template Parameter,PinNames,4,TDIODE_CORE,No,MTL_CPU28_SDS,*,*,*
10,PTH_DIODE_XXX,davidgba,05/14/21_12:36:20_PM,TD_X_TDAU_K_SDTSTART_X_X_X_X_SOT,Template Parameter,PinNames,5,TDIODE_GT,No,MTL_GCD128_SDT,*,*,*
10,PTH_DIODE_XXX,davidgba,05/14/21_12:36:20_PM,TD_X_TDAU_K_SDTSTART_X_X_X_X_SOT,Template Parameter,PinNames,6,TDIODE_GT,No,MTL_GCD64_SDT,*,*,*
10,PTH_DIODE_XXX,davidgba,05/14/21_12:36:20_PM,TD_X_TDAU_K_SDTSTART_X_X_X_X_SOT,Template Parameter,PinNames,7,TDIODE_GT,No,MTL_GCD128_SDS,*,*,*
10,PTH_DIODE_XXX,davidgba,05/14/21_12:36:20_PM,TD_X_TDAU_K_SDTSTART_X_X_X_X_SOT,Template Parameter,PinNames,8,TDIODE_GT,No,MTL_GCD64_SDS,*,*,*
10,PTH_DIODE_XXX,davidgba,05/14/21_12:36:20_PM,TD_X_TDAU_K_SDTSTART_X_X_X_X_SOT,Template Parameter,PinNames,9,TDIODE_CORE,Yes,*,*,*,*
11,PTH_DIODE_XXX,davidgba,05/14/21_12:36:20_PM,TD_X_TDAU_K_START_X_X_X_X_SOT,Template Parameter,PinNames,1,TDIODE_CORE,No,MTL_CPU68_SDT,*,*,*
11,PTH_DIODE_XXX,davidgba,05/14/21_12:36:20_PM,TD_X_TDAU_K_START_X_X_X_X_SOT,Template Parameter,PinNames,2,TDIODE_CORE,No,MTL_CPU28_SDT,*,*,*
11,PTH_DIODE_XXX,davidgba,05/14/21_12:36:20_PM,TD_X_TDAU_K_START_X_X_X_X_SOT,Template Parameter,PinNames,3,TDIODE_CORE,No,MTL_CPU68_SDS,*,*,*
11,PTH_DIODE_XXX,davidgba,05/14/21_12:36:20_PM,TD_X_TDAU_K_START_X_X_X_X_SOT,Template Parameter,PinNames,4,TDIODE_CORE,No,MTL_CPU28_SDS,*,*,*
11,PTH_DIODE_XXX,davidgba,05/14/21_12:36:20_PM,TD_X_TDAU_K_START_X_X_X_X_SOT,Template Parameter,PinNames,5,TDIODE_GT,No,MTL_GCD128_SDT,*,*,*
11,PTH_DIODE_XXX,davidgba,05/14/21_12:36:20_PM,TD_X_TDAU_K_START_X_X_X_X_SOT,Template Parameter,PinNames,6,TDIODE_GT,No,MTL_GCD64_SDT,*,*,*
11,PTH_DIODE_XXX,davidgba,05/14/21_12:36:20_PM,TD_X_TDAU_K_START_X_X_X_X_SOT,Template Parameter,PinNames,7,TDIODE_GT,No,MTL_GCD128_SDS,*,*,*
11,PTH_DIODE_XXX,davidgba,05/14/21_12:36:20_PM,TD_X_TDAU_K_START_X_X_X_X_SOT,Template Parameter,PinNames,8,TDIODE_GT,No,MTL_GCD64_SDS,*,*,*
11,PTH_DIODE_XXX,davidgba,05/14/21_12:36:20_PM,TD_X_TDAU_K_START_X_X_X_X_SOT,Template Parameter,PinNames,9,TDIODE_CORE,Yes,*,*,*,*
12,PTH_DIODE_XXX,davidgba,05/14/21_12:36:20_PM,TD_X_UEISTREAM_E_LOTENDFLOW_X_X_X_X_STOP,Template Parameter,CollectPins,1,TDIODE_CORE,No,MTL_CPU68_SDT,*,*,*
12,PTH_DIODE_XXX,davidgba,05/14/21_12:36:20_PM,TD_X_UEISTREAM_E_LOTENDFLOW_X_X_X_X_STOP,Template Parameter,CollectPins,2,TDIODE_CORE,No,MTL_CPU28_SDT,*,*,*
12,PTH_DIODE_XXX,davidgba,05/14/21_12:36:20_PM,TD_X_UEISTREAM_E_LOTENDFLOW_X_X_X_X_STOP,Template Parameter,CollectPins,3,TDIODE_CORE,No,MTL_CPU68_SDS,*,*,*
12,PTH_DIODE_XXX,davidgba,05/14/21_12:36:20_PM,TD_X_UEISTREAM_E_LOTENDFLOW_X_X_X_X_STOP,Template Parameter,CollectPins,4,TDIODE_CORE,No,MTL_CPU28_SDS,*,*,*
12,PTH_DIODE_XXX,davidgba,05/14/21_12:36:20_PM,TD_X_UEISTREAM_E_LOTENDFLOW_X_X_X_X_STOP,Template Parameter,CollectPins,5,TDIODE_GT,No,MTL_GCD128_SDT,*,*,*
12,PTH_DIODE_XXX,davidgba,05/14/21_12:36:20_PM,TD_X_UEISTREAM_E_LOTENDFLOW_X_X_X_X_STOP,Template Parameter,CollectPins,6,TDIODE_GT,No,MTL_GCD64_SDT,*,*,*
12,PTH_DIODE_XXX,davidgba,05/14/21_12:36:20_PM,TD_X_UEISTREAM_E_LOTENDFLOW_X_X_X_X_STOP,Template Parameter,CollectPins,7,TDIODE_GT,No,MTL_GCD128_SDS,*,*,*
12,PTH_DIODE_XXX,davidgba,05/14/21_12:36:20_PM,TD_X_UEISTREAM_E_LOTENDFLOW_X_X_X_X_STOP,Template Parameter,CollectPins,8,TDIODE_GT,No,MTL_GCD64_SDS,*,*,*
12,PTH_DIODE_XXX,davidgba,05/14/21_12:36:20_PM,TD_X_UEISTREAM_E_LOTENDFLOW_X_X_X_X_STOP,Template Parameter,CollectPins,9,TDIODE_CORE,Yes,*,*,*,*
13,PTH_DIODE_XXX,davidgba,05/14/21_12:36:20_PM,TD_X_UEISTREAM_E_LOTSTARTFLOW_X_X_X_X_START,Template Parameter,CollectPins,1,TDIODE_CORE,No,MTL_CPU68_SDT,*,*,*
13,PTH_DIODE_XXX,davidgba,05/14/21_12:36:20_PM,TD_X_UEISTREAM_E_LOTSTARTFLOW_X_X_X_X_START,Template Parameter,CollectPins,2,TDIODE_CORE,No,MTL_CPU28_SDT,*,*,*
13,PTH_DIODE_XXX,davidgba,05/14/21_12:36:20_PM,TD_X_UEISTREAM_E_LOTSTARTFLOW_X_X_X_X_START,Template Parameter,CollectPins,3,TDIODE_CORE,No,MTL_CPU68_SDS,*,*,*
13,PTH_DIODE_XXX,davidgba,05/14/21_12:36:20_PM,TD_X_UEISTREAM_E_LOTSTARTFLOW_X_X_X_X_START,Template Parameter,CollectPins,4,TDIODE_CORE,No,MTL_CPU28_SDS,*,*,*
13,PTH_DIODE_XXX,davidgba,05/14/21_12:36:20_PM,TD_X_UEISTREAM_E_LOTSTARTFLOW_X_X_X_X_START,Template Parameter,CollectPins,5,TDIODE_GT,No,MTL_GCD128_SDT,*,*,*
13,PTH_DIODE_XXX,davidgba,05/14/21_12:36:20_PM,TD_X_UEISTREAM_E_LOTSTARTFLOW_X_X_X_X_START,Template Parameter,CollectPins,6,TDIODE_GT,No,MTL_GCD64_SDT,*,*,*
13,PTH_DIODE_XXX,davidgba,05/14/21_12:36:20_PM,TD_X_UEISTREAM_E_LOTSTARTFLOW_X_X_X_X_START,Template Parameter,CollectPins,7,TDIODE_GT,No,MTL_GCD128_SDS,*,*,*
13,PTH_DIODE_XXX,davidgba,05/14/21_12:36:20_PM,TD_X_UEISTREAM_E_LOTSTARTFLOW_X_X_X_X_START,Template Parameter,CollectPins,8,TDIODE_GT,No,MTL_GCD64_SDS,*,*,*
13,PTH_DIODE_XXX,davidgba,05/14/21_12:36:20_PM,TD_X_UEISTREAM_E_LOTSTARTFLOW_X_X_X_X_START,Template Parameter,CollectPins,9,TDIODE_CORE,Yes,*,*,*,*
14,PTH_THRSOAK_XXX,davidgba,06/17/21_01:58:44_PM,TD_X_APPLYTC_K_SDTSTART_X_X_X_X,Bypass,bypass_global,1,1,Yes,,,,
15,PTH_THRSOAK_XXX,davidgba,06/17/21_01:58:44_PM,TD_X_APPLYTC_K_SDTSTART_X_X_X_X_SCOC,Bypass,bypass_global,1,1,Yes,,,,
15,PTH_THRSOAK_XXX,davidgba,06/17/21_01:58:44_PM,TD_X_APPLYTC_K_SDTSTART_X_X_X_X_SCOC,Template Parameter,TestConditionName,1,TDAU_SCOC_SDT_TC,No,MTL_CPU68_SDT,*,*,*
15,PTH_THRSOAK_XXX,davidgba,06/17/21_01:58:44_PM,TD_X_APPLYTC_K_SDTSTART_X_X_X_X_SCOC,Template Parameter,TestConditionName,2,TDAU_SCOC_SDT_TC,No,MTL_CPU28_SDT,*,*,*
15,PTH_THRSOAK_XXX,davidgba,06/17/21_01:58:44_PM,TD_X_APPLYTC_K_SDTSTART_X_X_X_X_SCOC,Template Parameter,TestConditionName,3,TDAU_SCOC_SDT_TC,No,MTL_GCD128_SDT,*,*,*
15,PTH_THRSOAK_XXX,davidgba,06/17/21_01:58:44_PM,TD_X_APPLYTC_K_SDTSTART_X_X_X_X_SCOC,Template Parameter,TestConditionName,4,TDAU_SCOC_SDT_TC,No,MTL_GCD64_SDT,*,*,*
15,PTH_THRSOAK_XXX,davidgba,06/17/21_01:58:44_PM,TD_X_APPLYTC_K_SDTSTART_X_X_X_X_SCOC,Template Parameter,TestConditionName,5,TDAU_SCOC_SDS_TC,No,MTL_CPU68_SDS,*,*,*
15,PTH_THRSOAK_XXX,davidgba,06/17/21_01:58:44_PM,TD_X_APPLYTC_K_SDTSTART_X_X_X_X_SCOC,Template Parameter,TestConditionName,6,TDAU_SCOC_SDS_TC,No,MTL_CPU28_SDS,*,*,*
15,PTH_THRSOAK_XXX,davidgba,06/17/21_01:58:44_PM,TD_X_APPLYTC_K_SDTSTART_X_X_X_X_SCOC,Template Parameter,TestConditionName,7,TDAU_SCOC_SDS_TC,No,MTL_GCD128_SDS,*,*,*
15,PTH_THRSOAK_XXX,davidgba,06/17/21_01:58:44_PM,TD_X_APPLYTC_K_SDTSTART_X_X_X_X_SCOC,Template Parameter,TestConditionName,8,TDAU_SCOC_SDS_TC,No,MTL_GCD64_SDS,*,*,*
15,PTH_THRSOAK_XXX,davidgba,06/17/21_01:58:44_PM,TD_X_APPLYTC_K_SDTSTART_X_X_X_X_SCOC,Template Parameter,TestConditionName,9,TDAU_SCOC_SDS_TC,Yes,*,*,*,*
16,PTH_THRSOAK_XXX,davidgba,06/17/21_01:58:44_PM,TD_X_APPLYTC_K_START_X_X_X_X,Bypass,bypass_global,1,1,Yes,,,,
17,PTH_THRSOAK_XXX,davidgba,06/17/21_01:58:44_PM,TD_X_APPLYTC_K_START_X_X_X_X_SCOC,Bypass,bypass_global,1,1,Yes,,,,
17,PTH_THRSOAK_XXX,davidgba,06/17/21_01:58:44_PM,TD_X_APPLYTC_K_START_X_X_X_X_SCOC,Template Parameter,TestConditionName,1,TDAU_SCOC_SDT_TC,No,MTL_CPU68_SDT,*,*,*
17,PTH_THRSOAK_XXX,davidgba,06/17/21_01:58:44_PM,TD_X_APPLYTC_K_START_X_X_X_X_SCOC,Template Parameter,TestConditionName,2,TDAU_SCOC_SDT_TC,No,MTL_CPU28_SDT,*,*,*
17,PTH_THRSOAK_XXX,davidgba,06/17/21_01:58:44_PM,TD_X_APPLYTC_K_START_X_X_X_X_SCOC,Template Parameter,TestConditionName,3,TDAU_SCOC_SDT_TC,No,MTL_GCD128_SDT,*,*,*
17,PTH_THRSOAK_XXX,davidgba,06/17/21_01:58:44_PM,TD_X_APPLYTC_K_START_X_X_X_X_SCOC,Template Parameter,TestConditionName,4,TDAU_SCOC_SDT_TC,No,MTL_GCD64_SDT,*,*,*
17,PTH_THRSOAK_XXX,davidgba,06/17/21_01:58:44_PM,TD_X_APPLYTC_K_START_X_X_X_X_SCOC,Template Parameter,TestConditionName,5,TDAU_SCOC_SDS_TC,No,MTL_CPU68_SDS,*,*,*
17,PTH_THRSOAK_XXX,davidgba,06/17/21_01:58:44_PM,TD_X_APPLYTC_K_START_X_X_X_X_SCOC,Template Parameter,TestConditionName,6,TDAU_SCOC_SDS_TC,No,MTL_CPU28_SDS,*,*,*
17,PTH_THRSOAK_XXX,davidgba,06/17/21_01:58:44_PM,TD_X_APPLYTC_K_START_X_X_X_X_SCOC,Template Parameter,TestConditionName,7,TDAU_SCOC_SDS_TC,No,MTL_GCD128_SDS,*,*,*
17,PTH_THRSOAK_XXX,davidgba,06/17/21_01:58:44_PM,TD_X_APPLYTC_K_START_X_X_X_X_SCOC,Template Parameter,TestConditionName,8,TDAU_SCOC_SDS_TC,No,MTL_GCD64_SDS,*,*,*
17,PTH_THRSOAK_XXX,davidgba,06/17/21_01:58:44_PM,TD_X_APPLYTC_K_START_X_X_X_X_SCOC,Template Parameter,TestConditionName,9,TDAU_SCOC_SDS_TC,Yes,*,*,*,*
18,PTH_THRSOAK_XXX,davidgba,06/17/21_01:58:44_PM,TD_X_CS_K_SDTSTART_X_X_X_X_DIODESOT,Bypass,bypass_global,1,1,No,MTL_ADM_Y0_HOP,*,*,*
18,PTH_THRSOAK_XXX,davidgba,06/17/21_01:58:44_PM,TD_X_CS_K_SDTSTART_X_X_X_X_DIODESOT,Bypass,bypass_global,2,-1,Yes,*,*,*,*
19,PTH_THRSOAK_XXX,davidgba,06/17/21_01:58:44_PM,TD_X_CS_K_START_X_X_X_X_DIODESOT,Bypass,bypass_global,1,1,No,MTL_ADM_Y0_HOP,*,*,*
19,PTH_THRSOAK_XXX,davidgba,06/17/21_01:58:44_PM,TD_X_CS_K_START_X_X_X_X_DIODESOT,Bypass,bypass_global,2,-1,Yes,*,*,*,*
20,PTH_THRSOAK_XXX,davidgba,06/17/21_01:58:44_PM,TD_X_PARDATA_E_SDTSTART_X_X_X_X,Template Parameter,PinNames,1,TDIODE_CORE,No,MTL_CPU68_SDT,*,*,*
20,PTH_THRSOAK_XXX,davidgba,06/17/21_01:58:44_PM,TD_X_PARDATA_E_SDTSTART_X_X_X_X,Template Parameter,PinNames,2,TDIODE_CORE,No,MTL_CPU28_SDT,*,*,*
20,PTH_THRSOAK_XXX,davidgba,06/17/21_01:58:44_PM,TD_X_PARDATA_E_SDTSTART_X_X_X_X,Template Parameter,PinNames,3,TDIODE_CORE,No,MTL_CPU68_SDS,*,*,*
20,PTH_THRSOAK_XXX,davidgba,06/17/21_01:58:44_PM,TD_X_PARDATA_E_SDTSTART_X_X_X_X,Template Parameter,PinNames,4,TDIODE_CORE,No,MTL_CPU28_SDS,*,*,*
20,PTH_THRSOAK_XXX,davidgba,06/17/21_01:58:44_PM,TD_X_PARDATA_E_SDTSTART_X_X_X_X,Template Parameter,PinNames,5,TDIODE_GT,No,MTL_GCD128_SDT,*,*,*
20,PTH_THRSOAK_XXX,davidgba,06/17/21_01:58:44_PM,TD_X_PARDATA_E_SDTSTART_X_X_X_X,Template Parameter,PinNames,6,TDIODE_GT,No,MTL_GCD64_SDT,*,*,*
20,PTH_THRSOAK_XXX,davidgba,06/17/21_01:58:44_PM,TD_X_PARDATA_E_SDTSTART_X_X_X_X,Template Parameter,PinNames,7,TDIODE_GT,No,MTL_GCD128_SDS,*,*,*
20,PTH_THRSOAK_XXX,davidgba,06/17/21_01:58:44_PM,TD_X_PARDATA_E_SDTSTART_X_X_X_X,Template Parameter,PinNames,8,TDIODE_GT,No,MTL_GCD64_SDS,*,*,*
20,PTH_THRSOAK_XXX,davidgba,06/17/21_01:58:44_PM,TD_X_PARDATA_E_SDTSTART_X_X_X_X,Template Parameter,PinNames,9,TDAU_THERMSENSOR,No,MTL_ADM_Y0_HOP,*,*,*
20,PTH_THRSOAK_XXX,davidgba,06/17/21_01:58:44_PM,TD_X_PARDATA_E_SDTSTART_X_X_X_X,Template Parameter,PinNames,10,TDAU_CH_SOC,No,MTL_SDX,*,*,*
20,PTH_THRSOAK_XXX,davidgba,06/17/21_01:58:44_PM,TD_X_PARDATA_E_SDTSTART_X_X_X_X,Template Parameter,PinNames,11,TDIODE_CORE,Yes,*,*,*,*
21,PTH_THRSOAK_XXX,davidgba,06/17/21_01:58:44_PM,TD_X_PARDATA_E_START_X_X_X_X,Template Parameter,PinNames,1,TDIODE_CORE,No,MTL_CPU68_SDT,*,*,*
21,PTH_THRSOAK_XXX,davidgba,06/17/21_01:58:44_PM,TD_X_PARDATA_E_START_X_X_X_X,Template Parameter,PinNames,2,TDIODE_CORE,No,MTL_CPU28_SDT,*,*,*
21,PTH_THRSOAK_XXX,davidgba,06/17/21_01:58:44_PM,TD_X_PARDATA_E_START_X_X_X_X,Template Parameter,PinNames,3,TDIODE_CORE,No,MTL_CPU68_SDS,*,*,*
21,PTH_THRSOAK_XXX,davidgba,06/17/21_01:58:44_PM,TD_X_PARDATA_E_START_X_X_X_X,Template Parameter,PinNames,4,TDIODE_CORE,No,MTL_CPU28_SDS,*,*,*
21,PTH_THRSOAK_XXX,davidgba,06/17/21_01:58:44_PM,TD_X_PARDATA_E_START_X_X_X_X,Template Parameter,PinNames,5,TDIODE_GT,No,MTL_GCD128_SDT,*,*,*
21,PTH_THRSOAK_XXX,davidgba,06/17/21_01:58:44_PM,TD_X_PARDATA_E_START_X_X_X_X,Template Parameter,PinNames,6,TDIODE_GT,No,MTL_GCD64_SDT,*,*,*
21,PTH_THRSOAK_XXX,davidgba,06/17/21_01:58:44_PM,TD_X_PARDATA_E_START_X_X_X_X,Template Parameter,PinNames,7,TDIODE_GT,No,MTL_GCD128_SDS,*,*,*
21,PTH_THRSOAK_XXX,davidgba,06/17/21_01:58:44_PM,TD_X_PARDATA_E_START_X_X_X_X,Template Parameter,PinNames,8,TDIODE_GT,No,MTL_GCD64_SDS,*,*,*
21,PTH_THRSOAK_XXX,davidgba,06/17/21_01:58:44_PM,TD_X_PARDATA_E_START_X_X_X_X,Template Parameter,PinNames,9,TDAU_THERMSENSOR,No,MTL_ADM_Y0_HOP,*,*,*
21,PTH_THRSOAK_XXX,davidgba,06/17/21_01:58:44_PM,TD_X_PARDATA_E_START_X_X_X_X,Template Parameter,PinNames,10,TDAU_CH_SOC,No,MTL_SDX,*,*,*
21,PTH_THRSOAK_XXX,davidgba,06/17/21_01:58:44_PM,TD_X_PARDATA_E_START_X_X_X_X,Template Parameter,PinNames,11,TDIODE_CORE,Yes,*,*,*,*
22,PTH_THRSOAK_XXX,davidgba,06/17/21_01:58:44_PM,TD_X_SOAK_K_SDTSTART_X_X_X_X_THRSOAK,Template Parameter,PinNames,1,TDIODE_CORE,No,MTL_CPU68_SDT,*,*,*
22,PTH_THRSOAK_XXX,davidgba,06/17/21_01:58:44_PM,TD_X_SOAK_K_SDTSTART_X_X_X_X_THRSOAK,Template Parameter,PinNames,2,TDIODE_CORE,No,MTL_CPU28_SDT,*,*,*
22,PTH_THRSOAK_XXX,davidgba,06/17/21_01:58:44_PM,TD_X_SOAK_K_SDTSTART_X_X_X_X_THRSOAK,Template Parameter,PinNames,3,TDIODE_CORE,No,MTL_CPU68_SDS,*,*,*
22,PTH_THRSOAK_XXX,davidgba,06/17/21_01:58:44_PM,TD_X_SOAK_K_SDTSTART_X_X_X_X_THRSOAK,Template Parameter,PinNames,4,TDIODE_CORE,No,MTL_CPU28_SDS,*,*,*
22,PTH_THRSOAK_XXX,davidgba,06/17/21_01:58:44_PM,TD_X_SOAK_K_SDTSTART_X_X_X_X_THRSOAK,Template Parameter,PinNames,5,TDIODE_GT,No,MTL_GCD128_SDT,*,*,*
22,PTH_THRSOAK_XXX,davidgba,06/17/21_01:58:44_PM,TD_X_SOAK_K_SDTSTART_X_X_X_X_THRSOAK,Template Parameter,PinNames,6,TDIODE_GT,No,MTL_GCD64_SDT,*,*,*
22,PTH_THRSOAK_XXX,davidgba,06/17/21_01:58:44_PM,TD_X_SOAK_K_SDTSTART_X_X_X_X_THRSOAK,Template Parameter,PinNames,7,TDIODE_GT,No,MTL_GCD128_SDS,*,*,*
22,PTH_THRSOAK_XXX,davidgba,06/17/21_01:58:44_PM,TD_X_SOAK_K_SDTSTART_X_X_X_X_THRSOAK,Template Parameter,PinNames,8,TDIODE_GT,No,MTL_GCD64_SDS,*,*,*
22,PTH_THRSOAK_XXX,davidgba,06/17/21_01:58:44_PM,TD_X_SOAK_K_SDTSTART_X_X_X_X_THRSOAK,Template Parameter,PinNames,9,TDAU_THERMSENSOR,No,MTL_ADM_Y0_HOP,*,*,*
22,PTH_THRSOAK_XXX,davidgba,06/17/21_01:58:44_PM,TD_X_SOAK_K_SDTSTART_X_X_X_X_THRSOAK,Template Parameter,PinNames,10,TDAU_CH_SOC,No,MTL_SDX,*,*,*
22,PTH_THRSOAK_XXX,davidgba,06/17/21_01:58:44_PM,TD_X_SOAK_K_SDTSTART_X_X_X_X_THRSOAK,Template Parameter,PinNames,11,TDIODE_CORE,Yes,*,*,*,*
22,PTH_THRSOAK_XXX,davidgba,06/17/21_01:58:44_PM,TD_X_SOAK_K_SDTSTART_X_X_X_X_THRSOAK,Template Parameter,SetPoints,1,-10,No,MTL_CPU68_SDS,*,*,*
22,PTH_THRSOAK_XXX,davidgba,06/17/21_01:58:44_PM,TD_X_SOAK_K_SDTSTART_X_X_X_X_THRSOAK,Template Parameter,SetPoints,2,-10,No,MTL_CPU28_SDS,*,*,*
22,PTH_THRSOAK_XXX,davidgba,06/17/21_01:58:44_PM,TD_X_SOAK_K_SDTSTART_X_X_X_X_THRSOAK,Template Parameter,SetPoints,3,-10,No,MTL_GCD128_SDS,*,*,*
22,PTH_THRSOAK_XXX,davidgba,06/17/21_01:58:44_PM,TD_X_SOAK_K_SDTSTART_X_X_X_X_THRSOAK,Template Parameter,SetPoints,4,-10,No,MTL_GCD64_SDS,*,*,*
22,PTH_THRSOAK_XXX,davidgba,06/17/21_01:58:44_PM,TD_X_SOAK_K_SDTSTART_X_X_X_X_THRSOAK,Template Parameter,SetPoints,5,25,No,MTL_CPU68_SDT,*,*,*
22,PTH_THRSOAK_XXX,davidgba,06/17/21_01:58:44_PM,TD_X_SOAK_K_SDTSTART_X_X_X_X_THRSOAK,Template Parameter,SetPoints,6,25,No,MTL_CPU28_SDT,*,*,*
22,PTH_THRSOAK_XXX,davidgba,06/17/21_01:58:44_PM,TD_X_SOAK_K_SDTSTART_X_X_X_X_THRSOAK,Template Parameter,SetPoints,7,25,No,MTL_GCD128_SDT,*,*,*
22,PTH_THRSOAK_XXX,davidgba,06/17/21_01:58:44_PM,TD_X_SOAK_K_SDTSTART_X_X_X_X_THRSOAK,Template Parameter,SetPoints,8,25,No,MTL_GCD64_SDT,*,*,*
22,PTH_THRSOAK_XXX,davidgba,06/17/21_01:58:44_PM,TD_X_SOAK_K_SDTSTART_X_X_X_X_THRSOAK,Template Parameter,SetPoints,9,-10,No,MTL_SDX,*,*,*
22,PTH_THRSOAK_XXX,davidgba,06/17/21_01:58:44_PM,TD_X_SOAK_K_SDTSTART_X_X_X_X_THRSOAK,Template Parameter,SetPoints,10,-10,No,MTL_ADM_Y0_HOP,*,*,*
22,PTH_THRSOAK_XXX,davidgba,06/17/21_01:58:44_PM,TD_X_SOAK_K_SDTSTART_X_X_X_X_THRSOAK,Template Parameter,SetPoints,11,25,Yes,*,*,*,*
23,PTH_THRSOAK_XXX,davidgba,06/17/21_01:58:44_PM,TD_X_SOAK_K_START_X_X_X_X_THRSOAK,Template Parameter,PinNames,1,TDIODE_CORE,No,MTL_CPU68_SDT,*,*,*
23,PTH_THRSOAK_XXX,davidgba,06/17/21_01:58:44_PM,TD_X_SOAK_K_START_X_X_X_X_THRSOAK,Template Parameter,PinNames,2,TDIODE_CORE,No,MTL_CPU28_SDT,*,*,*
23,PTH_THRSOAK_XXX,davidgba,06/17/21_01:58:44_PM,TD_X_SOAK_K_START_X_X_X_X_THRSOAK,Template Parameter,PinNames,3,TDIODE_CORE,No,MTL_CPU68_SDS,*,*,*
23,PTH_THRSOAK_XXX,davidgba,06/17/21_01:58:44_PM,TD_X_SOAK_K_START_X_X_X_X_THRSOAK,Template Parameter,PinNames,4,TDIODE_CORE,No,MTL_CPU28_SDS,*,*,*
23,PTH_THRSOAK_XXX,davidgba,06/17/21_01:58:44_PM,TD_X_SOAK_K_START_X_X_X_X_THRSOAK,Template Parameter,PinNames,5,TDIODE_GT,No,MTL_GCD128_SDT,*,*,*
23,PTH_THRSOAK_XXX,davidgba,06/17/21_01:58:44_PM,TD_X_SOAK_K_START_X_X_X_X_THRSOAK,Template Parameter,PinNames,6,TDIODE_GT,No,MTL_GCD64_SDT,*,*,*
23,PTH_THRSOAK_XXX,davidgba,06/17/21_01:58:44_PM,TD_X_SOAK_K_START_X_X_X_X_THRSOAK,Template Parameter,PinNames,7,TDIODE_GT,No,MTL_GCD128_SDS,*,*,*
23,PTH_THRSOAK_XXX,davidgba,06/17/21_01:58:44_PM,TD_X_SOAK_K_START_X_X_X_X_THRSOAK,Template Parameter,PinNames,8,TDIODE_GT,No,MTL_GCD64_SDS,*,*,*
23,PTH_THRSOAK_XXX,davidgba,06/17/21_01:58:44_PM,TD_X_SOAK_K_START_X_X_X_X_THRSOAK,Template Parameter,PinNames,9,TDAU_THERMSENSOR,No,MTL_ADM_Y0_HOP,*,*,*
23,PTH_THRSOAK_XXX,davidgba,06/17/21_01:58:44_PM,TD_X_SOAK_K_START_X_X_X_X_THRSOAK,Template Parameter,PinNames,10,TDAU_CH_SOC,No,MTL_SDX,*,*,*
23,PTH_THRSOAK_XXX,davidgba,06/17/21_01:58:44_PM,TD_X_SOAK_K_START_X_X_X_X_THRSOAK,Template Parameter,PinNames,11,TDIODE_CORE,Yes,*,*,*,*
23,PTH_THRSOAK_XXX,davidgba,06/17/21_01:58:44_PM,TD_X_SOAK_K_START_X_X_X_X_THRSOAK,Template Parameter,SetPoints,1,-10,No,MTL_CPU68_SDS,*,*,*
23,PTH_THRSOAK_XXX,davidgba,06/17/21_01:58:44_PM,TD_X_SOAK_K_START_X_X_X_X_THRSOAK,Template Parameter,SetPoints,2,-10,No,MTL_CPU28_SDS,*,*,*
23,PTH_THRSOAK_XXX,davidgba,06/17/21_01:58:44_PM,TD_X_SOAK_K_START_X_X_X_X_THRSOAK,Template Parameter,SetPoints,3,-10,No,MTL_GCD128_SDS,*,*,*
23,PTH_THRSOAK_XXX,davidgba,06/17/21_01:58:44_PM,TD_X_SOAK_K_START_X_X_X_X_THRSOAK,Template Parameter,SetPoints,4,-10,No,MTL_GCD64_SDS,*,*,*
23,PTH_THRSOAK_XXX,davidgba,06/17/21_01:58:44_PM,TD_X_SOAK_K_START_X_X_X_X_THRSOAK,Template Parameter,SetPoints,5,25,No,MTL_CPU68_SDT,*,*,*
23,PTH_THRSOAK_XXX,davidgba,06/17/21_01:58:44_PM,TD_X_SOAK_K_START_X_X_X_X_THRSOAK,Template Parameter,SetPoints,6,25,No,MTL_CPU28_SDT,*,*,*
23,PTH_THRSOAK_XXX,davidgba,06/17/21_01:58:44_PM,TD_X_SOAK_K_START_X_X_X_X_THRSOAK,Template Parameter,SetPoints,7,25,No,MTL_GCD128_SDT,*,*,*
23,PTH_THRSOAK_XXX,davidgba,06/17/21_01:58:44_PM,TD_X_SOAK_K_START_X_X_X_X_THRSOAK,Template Parameter,SetPoints,8,25,No,MTL_GCD64_SDT,*,*,*
23,PTH_THRSOAK_XXX,davidgba,06/17/21_01:58:44_PM,TD_X_SOAK_K_START_X_X_X_X_THRSOAK,Template Parameter,SetPoints,9,-10,No,MTL_SDX,*,*,*
23,PTH_THRSOAK_XXX,davidgba,06/17/21_01:58:44_PM,TD_X_SOAK_K_START_X_X_X_X_THRSOAK,Template Parameter,SetPoints,10,-10,No,MTL_ADM_Y0_HOP,*,*,*
23,PTH_THRSOAK_XXX,davidgba,06/17/21_01:58:44_PM,TD_X_SOAK_K_START_X_X_X_X_THRSOAK,Template Parameter,SetPoints,11,25,Yes,*,*,*,*
24,PTH_THRSOAK_XXX,davidgba,06/17/21_01:58:44_PM,TD_X_TDAU_K_SDTSTART_X_X_X_X_DIEFORCE,Template Parameter,PinNames,1,TDIODE_CORE,No,MTL_CPU68_SDT,*,*,*
24,PTH_THRSOAK_XXX,davidgba,06/17/21_01:58:44_PM,TD_X_TDAU_K_SDTSTART_X_X_X_X_DIEFORCE,Template Parameter,PinNames,2,TDIODE_CORE,No,MTL_CPU28_SDT,*,*,*
24,PTH_THRSOAK_XXX,davidgba,06/17/21_01:58:44_PM,TD_X_TDAU_K_SDTSTART_X_X_X_X_DIEFORCE,Template Parameter,PinNames,3,TDIODE_CORE,No,MTL_CPU68_SDS,*,*,*
24,PTH_THRSOAK_XXX,davidgba,06/17/21_01:58:44_PM,TD_X_TDAU_K_SDTSTART_X_X_X_X_DIEFORCE,Template Parameter,PinNames,4,TDIODE_CORE,No,MTL_CPU28_SDS,*,*,*
24,PTH_THRSOAK_XXX,davidgba,06/17/21_01:58:44_PM,TD_X_TDAU_K_SDTSTART_X_X_X_X_DIEFORCE,Template Parameter,PinNames,5,TDIODE_GT,No,MTL_GCD128_SDT,*,*,*
24,PTH_THRSOAK_XXX,davidgba,06/17/21_01:58:44_PM,TD_X_TDAU_K_SDTSTART_X_X_X_X_DIEFORCE,Template Parameter,PinNames,6,TDIODE_GT,No,MTL_GCD64_SDT,*,*,*
24,PTH_THRSOAK_XXX,davidgba,06/17/21_01:58:44_PM,TD_X_TDAU_K_SDTSTART_X_X_X_X_DIEFORCE,Template Parameter,PinNames,7,TDIODE_GT,No,MTL_GCD128_SDS,*,*,*
24,PTH_THRSOAK_XXX,davidgba,06/17/21_01:58:44_PM,TD_X_TDAU_K_SDTSTART_X_X_X_X_DIEFORCE,Template Parameter,PinNames,8,TDIODE_GT,No,MTL_GCD64_SDS,*,*,*
24,PTH_THRSOAK_XXX,davidgba,06/17/21_01:58:44_PM,TD_X_TDAU_K_SDTSTART_X_X_X_X_DIEFORCE,Template Parameter,PinNames,9,TDAU_THERMSENSOR,No,MTL_ADM_Y0_HOP,*,*,*
24,PTH_THRSOAK_XXX,davidgba,06/17/21_01:58:44_PM,TD_X_TDAU_K_SDTSTART_X_X_X_X_DIEFORCE,Template Parameter,PinNames,10,TDAU_CH_SOC,No,MTL_SDX,*,*,*
24,PTH_THRSOAK_XXX,davidgba,06/17/21_01:58:44_PM,TD_X_TDAU_K_SDTSTART_X_X_X_X_DIEFORCE,Template Parameter,PinNames,11,TDIODE_CORE,Yes,*,*,*,*
25,PTH_THRSOAK_XXX,davidgba,06/17/21_01:58:44_PM,TD_X_TDAU_K_START_X_X_X_X_DIEFORCE,Template Parameter,PinNames,1,TDIODE_CORE,No,MTL_CPU68_SDT,*,*,*
25,PTH_THRSOAK_XXX,davidgba,06/17/21_01:58:44_PM,TD_X_TDAU_K_START_X_X_X_X_DIEFORCE,Template Parameter,PinNames,2,TDIODE_CORE,No,MTL_CPU28_SDT,*,*,*
25,PTH_THRSOAK_XXX,davidgba,06/17/21_01:58:44_PM,TD_X_TDAU_K_START_X_X_X_X_DIEFORCE,Template Parameter,PinNames,3,TDIODE_CORE,No,MTL_CPU68_SDS,*,*,*
25,PTH_THRSOAK_XXX,davidgba,06/17/21_01:58:44_PM,TD_X_TDAU_K_START_X_X_X_X_DIEFORCE,Template Parameter,PinNames,4,TDIODE_CORE,No,MTL_CPU28_SDS,*,*,*
25,PTH_THRSOAK_XXX,davidgba,06/17/21_01:58:44_PM,TD_X_TDAU_K_START_X_X_X_X_DIEFORCE,Template Parameter,PinNames,5,TDIODE_GT,No,MTL_GCD128_SDT,*,*,*
25,PTH_THRSOAK_XXX,davidgba,06/17/21_01:58:44_PM,TD_X_TDAU_K_START_X_X_X_X_DIEFORCE,Template Parameter,PinNames,6,TDIODE_GT,No,MTL_GCD64_SDT,*,*,*
25,PTH_THRSOAK_XXX,davidgba,06/17/21_01:58:44_PM,TD_X_TDAU_K_START_X_X_X_X_DIEFORCE,Template Parameter,PinNames,7,TDIODE_GT,No,MTL_GCD128_SDS,*,*,*
25,PTH_THRSOAK_XXX,davidgba,06/17/21_01:58:44_PM,TD_X_TDAU_K_START_X_X_X_X_DIEFORCE,Template Parameter,PinNames,8,TDIODE_GT,No,MTL_GCD64_SDS,*,*,*
25,PTH_THRSOAK_XXX,davidgba,06/17/21_01:58:44_PM,TD_X_TDAU_K_START_X_X_X_X_DIEFORCE,Template Parameter,PinNames,9,TDAU_THERMSENSOR,No,MTL_ADM_Y0_HOP,*,*,*
25,PTH_THRSOAK_XXX,davidgba,06/17/21_01:58:44_PM,TD_X_TDAU_K_START_X_X_X_X_DIEFORCE,Template Parameter,PinNames,10,TDAU_CH_SOC,No,MTL_SDX,*,*,*
25,PTH_THRSOAK_XXX,davidgba,06/17/21_01:58:44_PM,TD_X_TDAU_K_START_X_X_X_X_DIEFORCE,Template Parameter,PinNames,11,TDIODE_CORE,Yes,*,*,*,*
26,PTH_THRSOAK_XXX,davidgba,06/17/21_01:58:44_PM,TD_X_UEISTREAM_K_SDTSTART_X_X_X_X_STARTSTREAM,Bypass,bypass_global,1,1,Yes,,,,
26,PTH_THRSOAK_XXX,davidgba,06/17/21_01:58:44_PM,TD_X_UEISTREAM_K_SDTSTART_X_X_X_X_STARTSTREAM,Template Parameter,CollectPins,1,TDIODE_CORE,No,MTL_CPU68_SDT,*,*,*
26,PTH_THRSOAK_XXX,davidgba,06/17/21_01:58:44_PM,TD_X_UEISTREAM_K_SDTSTART_X_X_X_X_STARTSTREAM,Template Parameter,CollectPins,2,TDIODE_CORE,No,MTL_CPU28_SDT,*,*,*
26,PTH_THRSOAK_XXX,davidgba,06/17/21_01:58:44_PM,TD_X_UEISTREAM_K_SDTSTART_X_X_X_X_STARTSTREAM,Template Parameter,CollectPins,3,TDIODE_CORE,No,MTL_CPU68_SDS,*,*,*
26,PTH_THRSOAK_XXX,davidgba,06/17/21_01:58:44_PM,TD_X_UEISTREAM_K_SDTSTART_X_X_X_X_STARTSTREAM,Template Parameter,CollectPins,4,TDIODE_CORE,No,MTL_CPU28_SDS,*,*,*
26,PTH_THRSOAK_XXX,davidgba,06/17/21_01:58:44_PM,TD_X_UEISTREAM_K_SDTSTART_X_X_X_X_STARTSTREAM,Template Parameter,CollectPins,5,TDIODE_GT,No,MTL_GCD128_SDT,*,*,*
26,PTH_THRSOAK_XXX,davidgba,06/17/21_01:58:44_PM,TD_X_UEISTREAM_K_SDTSTART_X_X_X_X_STARTSTREAM,Template Parameter,CollectPins,6,TDIODE_GT,No,MTL_GCD64_SDT,*,*,*
26,PTH_THRSOAK_XXX,davidgba,06/17/21_01:58:44_PM,TD_X_UEISTREAM_K_SDTSTART_X_X_X_X_STARTSTREAM,Template Parameter,CollectPins,7,TDIODE_GT,No,MTL_GCD128_SDS,*,*,*
26,PTH_THRSOAK_XXX,davidgba,06/17/21_01:58:44_PM,TD_X_UEISTREAM_K_SDTSTART_X_X_X_X_STARTSTREAM,Template Parameter,CollectPins,8,TDIODE_GT,No,MTL_GCD64_SDS,*,*,*
26,PTH_THRSOAK_XXX,davidgba,06/17/21_01:58:44_PM,TD_X_UEISTREAM_K_SDTSTART_X_X_X_X_STARTSTREAM,Template Parameter,CollectPins,9,TDIODE_CORE,Yes,*,*,*,*
27,PTH_THRSOAK_XXX,davidgba,06/17/21_01:58:44_PM,TD_X_UEISTREAM_K_START_X_X_X_X_STARTSTREAM,Bypass,bypass_global,1,1,Yes,,,,
27,PTH_THRSOAK_XXX,davidgba,06/17/21_01:58:44_PM,TD_X_UEISTREAM_K_START_X_X_X_X_STARTSTREAM,Template Parameter,CollectPins,1,TDIODE_CORE,No,MTL_CPU68_SDT,*,*,*
27,PTH_THRSOAK_XXX,davidgba,06/17/21_01:58:44_PM,TD_X_UEISTREAM_K_START_X_X_X_X_STARTSTREAM,Template Parameter,CollectPins,2,TDIODE_CORE,No,MTL_CPU28_SDT,*,*,*
27,PTH_THRSOAK_XXX,davidgba,06/17/21_01:58:44_PM,TD_X_UEISTREAM_K_START_X_X_X_X_STARTSTREAM,Template Parameter,CollectPins,3,TDIODE_CORE,No,MTL_CPU68_SDS,*,*,*
27,PTH_THRSOAK_XXX,davidgba,06/17/21_01:58:44_PM,TD_X_UEISTREAM_K_START_X_X_X_X_STARTSTREAM,Template Parameter,CollectPins,4,TDIODE_CORE,No,MTL_CPU28_SDS,*,*,*
27,PTH_THRSOAK_XXX,davidgba,06/17/21_01:58:44_PM,TD_X_UEISTREAM_K_START_X_X_X_X_STARTSTREAM,Template Parameter,CollectPins,5,TDIODE_GT,No,MTL_GCD128_SDT,*,*,*
27,PTH_THRSOAK_XXX,davidgba,06/17/21_01:58:44_PM,TD_X_UEISTREAM_K_START_X_X_X_X_STARTSTREAM,Template Parameter,CollectPins,6,TDIODE_GT,No,MTL_GCD64_SDT,*,*,*
27,PTH_THRSOAK_XXX,davidgba,06/17/21_01:58:44_PM,TD_X_UEISTREAM_K_START_X_X_X_X_STARTSTREAM,Template Parameter,CollectPins,7,TDIODE_GT,No,MTL_GCD128_SDS,*,*,*
27,PTH_THRSOAK_XXX,davidgba,06/17/21_01:58:44_PM,TD_X_UEISTREAM_K_START_X_X_X_X_STARTSTREAM,Template Parameter,CollectPins,8,TDIODE_GT,No,MTL_GCD64_SDS,*,*,*
27,PTH_THRSOAK_XXX,davidgba,06/17/21_01:58:44_PM,TD_X_UEISTREAM_K_START_X_X_X_X_STARTSTREAM,Template Parameter,CollectPins,9,TDIODE_CORE,Yes,*,*,*,*
28,TPI_BASE,jthwing,06/02/21_01:44:17_PM,CTRL_BMFC_X_K_TESTPLANENDFLOW_X_X_X_X_SETDUTFINALDATA,Bypass,bypass_global,1,1,Yes,,,,
29,TPI_BASE,jthwing,06/02/21_01:44:17_PM,CTRL_GLX_X_K_INIT_X_X_X_X_BASEPGMRULE,Bypass,bypass_global,1,1,Yes,,,,
30,TPI_BASE,jthwing,06/02/21_01:44:17_PM,CTRL_X_DIERECOVERY_K_INIT_X_X_X_X_PINMAP_SCN_PRIME,Bypass,bypass_global,1,1,Yes,,,,
31,TPI_BASE,jthwing,06/02/21_01:44:17_PM,CTRL_X_X_K_INIT_X_X_X_X_BASEPYLICENSE,Bypass,bypass_global,1,1,Yes,,,,
32,TPI_BASE,jthwing,06/02/21_01:44:17_PM,DFFX_X_X_K_TESTPLANENDFLOW_X_X_X_X_CHECKBADDIEDFFFLAG,Bypass,bypass_global,1,1,No,*,ALL_SDT,*,*
32,TPI_BASE,jthwing,06/02/21_01:44:17_PM,DFFX_X_X_K_TESTPLANENDFLOW_X_X_X_X_CHECKBADDIEDFFFLAG,Bypass,bypass_global,2,-1,Yes,*,*,*,*
33,TPI_BASE,jthwing,06/02/21_01:44:17_PM,DFFX_X_X_K_TESTPLANENDFLOW_X_X_X_X_VALIDATE,Bypass,bypass_global,1,1,No,*,ALL_SDT,*,*
33,TPI_BASE,jthwing,06/02/21_01:44:17_PM,DFFX_X_X_K_TESTPLANENDFLOW_X_X_X_X_VALIDATE,Bypass,bypass_global,2,-1,Yes,*,*,*,*
34,TPI_BIN,milesyou,05/19/21_03:06:52_PM,CTRL_UB_X_K_FINAL_X_X_X_X_BIN17_CHECK,Bypass,bypass_global,1,1,Yes,,,,
35,TPI_BIN,milesyou,05/19/21_03:06:52_PM,CTRL_UB_X_K_FINAL_X_X_X_X_VMAX_BIN17_PRINT,Bypass,bypass_global,1,1,Yes,,,,
36,TPI_BIN,milesyou,05/19/21_03:06:52_PM,CTRL_UB_X_K_SDTFINAL_X_X_X_X_ARR_BIN17,Bypass,bypass_global,1,1,Yes,,,,
37,TPI_BIN,milesyou,05/19/21_03:06:52_PM,CTRL_UB_X_K_SDTFINAL_X_X_X_X_SCN_BIN17,Bypass,bypass_global,1,1,Yes,,,,
38,TPI_BIN,milesyou,05/19/21_03:06:52_PM,CTRL_UB_X_K_SDTFINAL_X_X_X_X_VMAX_BIN17_PRINT,Bypass,bypass_global,1,1,Yes,,,,
39,TPI_BIN,milesyou,05/19/21_03:06:52_PM,CTRL_X_X_K_BEGIN_X_X_X_X_INITBIN17GSDS,Bypass,bypass_global,1,1,Yes,,,,
40,TPI_BIN,milesyou,05/19/21_03:06:52_PM,CTRL_X_X_K_SDTBEGIN_X_X_X_X_INITBIN17GSDS,Bypass,bypass_global,1,1,Yes,,,,
41,TPI_DFF,milesyou,05/19/21_02:49:33_PM,DFFX_X_X_K_SDTSTART_X_X_X_X_SETDFFGSDS_FRV,Bypass,bypass_global,1,1,Yes,,,,
42,TPI_DFF,milesyou,05/19/21_02:49:33_PM,DFFX_X_X_K_START_X_X_X_X_SETDFFGSDS_FRV,Bypass,bypass_global,1,1,Yes,,,,
43,TPI_FUSE,gjwoznia,06/16/21_01:51:53_PM,FUSE_X_PATMOD_K_INIT_X_X_X_X_BURN_TTR,Bypass,bypass_global,1,1,Yes,,,,
44,TPI_FUSE_CONFIG,gjwoznia,06/16/21_01:53:22_PM,FUSE_X_FUSECONFIG_K_INIT_X_X_X_X_FRV_VF_RESET_CONTENT_EXE,Bypass,bypass_global,1,1,Yes,,,,
45,TPI_FUSE_CONFIG,gjwoznia,06/16/21_01:53:22_PM,FUSE_X_FUSECONFIG_K_INIT_X_X_X_X_FRV_VF_RESET_CONTENT_INIT,Bypass,bypass_global,1,1,Yes,,,,
46,TPI_FUSE_CONFIG,gjwoznia,06/16/21_01:53:22_PM,FUSE_X_FUSECONFIG_K_INIT_X_X_X_X_VIRTUAL_FUSES_CSP_VFDM,Bypass,bypass_global,1,1,Yes,,,,
47,TPI_FUSE_CONFIG,gjwoznia,06/16/21_01:53:22_PM,FUSE_X_FUSECONFIG_K_START_X_X_X_X_CLEAR_PERUNIT_VFDM,Bypass,bypass_global,1,1,Yes,,,,
48,TPI_FUSE_CONFIG,gjwoznia,06/16/21_01:53:22_PM,FUSE_X_UF_K_INIT_X_X_X_X_SET_HCS_FDS_TEMP,Bypass,bypass_global,1,1,Yes,,,,
49,TPI_FUSE_CONFIG,gjwoznia,06/16/21_01:53:22_PM,FUSE_X_UF_K_START_X_X_X_X_SET_HCS_FDS,Bypass,bypass_global,1,1,Yes,,,,
50,TPI_HVQK,jthwing,06/11/21_11:42:51_AM,CTRL_UB_X_K_SDTSTRESS_X_X_X_X_CORE_RESULT_PRESDTSTRESS,Bypass,bypass_global,1,1,Yes,,,,
51,TPI_HVQK,jthwing,06/11/21_11:42:51_AM,CTRL_UB_X_K_STRESS_X_X_X_X_CORE_RESULT_PRESTRESS,Bypass,bypass_global,1,1,Yes,,,,
52,TPI_POWER_SEQ,rbrar,04/01/21_12:40:28_AM,CTRL_X_PWRDWN_K_SDTSTART_X_X_X_X_PWRUP_STEP_NOM,Bypass,bypass_global,1,1,Yes,,,,
53,TPI_VCC,npatil1,06/01/21_11:41:42_AM,CONT_HV1_VNNAON_K_SDTSTART_X_X_X_X_CHARACTERIZATION,Bypass,bypass_global,1,1,Yes,,,,
54,TPI_VCC,npatil1,06/01/21_11:41:42_AM,CONT_HV1_VNNAON_K_START_X_X_X_X_CHARACTERIZATION,Bypass,bypass_global,1,1,Yes,,,,
55,TPI_VCC,npatil1,06/01/21_11:41:42_AM,CONT_X_X_E_SDTSTART_X_X_X_X_GSDSINIT,Bypass,bypass_global,1,1,Yes,,,,
56,TPI_VCC,npatil1,06/01/21_11:41:42_AM,CONT_X_X_E_START_X_X_X_X_GSDSINIT,Bypass,bypass_global,1,1,Yes,,,,
57,TPI_VCC,npatil1,06/01/21_11:41:42_AM,CONT_X_X_K_FINAL_X_X_X_X_VCCCONVERT,Bypass,bypass_global,1,1,Yes,,,,
58,TPI_VCC,npatil1,06/01/21_11:41:42_AM,CONT_X_X_K_FINAL_X_X_X_X_VCCKILL,Bypass,bypass_global,1,1,Yes,,,,
59,TPI_VCC,npatil1,06/01/21_11:41:42_AM,CONT_X_X_K_FINAL_X_X_X_X_VCCSHIFT,Bypass,bypass_global,1,1,Yes,,,,
60,TPI_VCC,npatil1,06/01/21_11:41:42_AM,CONT_X_X_K_SDTFINAL_X_X_X_X_VCCCONVERT,Bypass,bypass_global,1,1,Yes,,,,
61,TPI_VCC,npatil1,06/01/21_11:41:42_AM,CONT_X_X_K_SDTFINAL_X_X_X_X_VCCKILL,Bypass,bypass_global,1,1,Yes,,,,
62,TPI_VCC,npatil1,06/01/21_11:41:42_AM,CONT_X_X_K_SDTFINAL_X_X_X_X_VCCSHIFT,Bypass,bypass_global,1,1,Yes,,,,
63,TPI_VCC,npatil1,06/01/21_11:41:42_AM,CTRL_X_X_E_FINAL_X_X_X_X_SETMIMDFF,Bypass,bypass_global,1,1,Yes,,,,
64,TPI_VCC,npatil1,06/01/21_11:41:42_AM,CTRL_X_X_E_SDTFINAL_X_X_X_X_SETMIMDFF,Bypass,bypass_global,1,1,Yes,,,,
